UtcDateTime,LaneIndex,Action
10/04/2021 14:00:28,-1,"canceled"
10/04/2021 14:01:18,1,"open"
10/04/2021 14:01:23,4,"open"
10/04/2021 14:01:23,5,"open"
10/04/2021 14:01:27,1,"close"
10/04/2021 14:01:30,5,"close"
10/04/2021 14:01:36,4,"close"
10/04/2021 14:01:48,1,"damage=Medium"
10/04/2021 14:01:48,4,"damage=Medium"
10/04/2021 14:01:48,5,"damage=Medium"
10/04/2021 14:01:53,1,"cause=Slope"
10/04/2021 14:01:53,4,"cause=Slope"
10/04/2021 14:01:53,5,"cause=Slope"
10/04/2021 14:04:12,3,"open"
10/04/2021 14:04:25,2,"open"
10/04/2021 14:04:29,1,"open"
10/04/2021 14:04:38,-1,"Miss: 0.053125, 0.798682284040996"
10/04/2021 14:04:38,-1,"Miss: 0.0481062442064285, 0.822134171537564"
10/04/2021 14:04:38,-1,"Miss: 0.040625, 0.835285505124451"
10/04/2021 14:04:38,-1,"Miss: 0.040625, 0.835285505124451"
10/04/2021 14:04:39,2,"close"
10/04/2021 14:04:40,3,"close"
10/04/2021 14:04:40,2,"open"
10/04/2021 14:04:43,4,"open"
10/04/2021 14:04:44,5,"open"
10/04/2021 14:04:46,6,"open"
10/04/2021 14:04:50,-1,"Miss: 0.115625, 0.814787701317716"
10/04/2021 14:04:51,-1,"Miss: 0.115234375, 0.814787701317716"
10/04/2021 14:04:51,-1,"Miss: 0.114571833610535, 0.814787701317716"
10/04/2021 14:04:51,-1,"Miss: 0.113929605484009, 0.814787701317716"
10/04/2021 14:04:51,-1,"Miss: 0.1140625, 0.814787701317716"
10/04/2021 14:04:51,-1,"Miss: 0.08515625, 0.919472913616398"
10/04/2021 14:04:51,-1,"Miss: 0.0846108973026276, 0.920494962052754"
10/04/2021 14:04:51,-1,"Miss: 0.0835798025131226, 0.921682153927983"
10/04/2021 14:04:51,-1,"Miss: 0.0816608965396881, 0.925291449573344"
10/04/2021 14:04:51,-1,"Miss: 0.0807488620281219, 0.927000702038342"
10/04/2021 14:04:51,-1,"Miss: 0.082421875, 0.925329428989751"
10/04/2021 14:04:51,-1,"Miss: 0.082421875, 0.925329428989751"
10/04/2021 14:04:51,2,"close"
10/04/2021 14:04:58,1,"close"
10/04/2021 14:04:59,4,"close"
10/04/2021 14:04:59,5,"close"
10/04/2021 14:05:00,6,"close"
10/04/2021 14:05:05,-1,"Miss: 0.085546875, 0.530746705710103"
10/04/2021 14:05:05,-1,"Miss: 0.0848048210144043, 0.530746705710103"
10/04/2021 14:05:05,-1,"Miss: 0.0835539400577545, 0.530362041244395"
10/04/2021 14:05:05,-1,"Miss: 0.0814581036567688, 0.529168549254209"
10/04/2021 14:05:05,-1,"Miss: 0.0801630020141602, 0.529855574556186"
10/04/2021 14:05:05,-1,"Miss: 0.080078125, 0.530746705710103"
10/04/2021 14:05:05,-1,"Miss: 0.080078125, 0.530746705710103"
10/04/2021 14:05:08,1,"damage=Medium"
10/04/2021 14:05:08,2,"damage=Medium"
10/04/2021 14:05:08,3,"damage=Medium"
10/04/2021 14:05:08,4,"damage=Medium"
10/04/2021 14:05:08,5,"damage=Medium"
10/04/2021 14:05:08,6,"damage=Medium"
10/04/2021 14:05:51,-1,"Miss: 0.004296875, 0.5"
10/04/2021 14:05:51,-1,"Miss: 0.004296875, 0.5"
10/04/2021 14:05:51,-1,"Miss: 0.00493422597646713, 0.5"
10/04/2021 14:05:51,-1,"Miss: 0.005078125, 0.499064321224721"
10/04/2021 14:05:51,-1,"Miss: 0.005078125, 0.497865646161237"
10/04/2021 14:05:51,-1,"Miss: 0.0048867229372263, 0.496713037895772"
10/04/2021 14:05:51,-1,"Miss: 0.0046875, 0.496339677891654"
10/04/2021 14:05:51,-1,"Miss: 0.0046875, 0.497071742313324"
10/04/2021 14:05:51,-1,"Miss: 0.0046875, 0.497071742313324"
10/04/2021 14:05:53,-1,"Miss: 0.937890625, 0.498535871156662"
10/04/2021 14:05:53,-1,"Miss: 0.937890625, 0.498535871156662"
10/04/2021 14:05:53,-1,"Miss: 0.937112522125244, 0.498535871156662"
10/04/2021 14:05:53,-1,"Miss: 0.937109375, 0.498535871156662"
10/04/2021 14:05:53,-1,"Miss: 0.937109375, 0.498535871156662"
10/04/2021 14:05:53,-1,"Miss: 0.990234375, 0.51610541727672"
10/04/2021 14:05:53,-1,"Miss: 0.989891529083252, 0.51610541727672"
10/04/2021 14:05:53,-1,"Miss: 0.989453125, 0.515729733825952"
10/04/2021 14:05:53,-1,"Miss: 0.989453125, 0.514542854722387"
10/04/2021 14:05:53,-1,"Miss: 0.989453125, 0.513348826552205"
10/04/2021 14:05:54,-1,"Miss: 0.989453125, 0.513177159590044"
10/04/2021 14:05:54,-1,"Miss: 0.989453125, 0.513177159590044"
10/04/2021 14:05:57,1,"cause=Dome"
10/04/2021 14:05:57,2,"cause=Dome"
10/04/2021 14:05:57,3,"cause=Dome"
10/04/2021 14:05:57,4,"cause=Dome"
10/04/2021 14:05:57,5,"cause=Dome"
10/04/2021 14:05:57,6,"cause=Dome"
10/04/2021 14:06:19,-1,"Miss: 0.173828125, 0.0856515373352855"
10/04/2021 14:06:19,-1,"Miss: 0.173317551612854, 0.0856515373352855"
10/04/2021 14:06:19,-1,"Miss: 0.171343922615051, 0.0845877115408812"
10/04/2021 14:06:19,-1,"Miss: 0.166049456596375, 0.0803041918909567"
10/04/2021 14:06:19,-1,"Miss: 0.159599375724792, 0.0770552315439696"
10/04/2021 14:06:19,-1,"Miss: 0.153139901161194, 0.0768667642752562"
10/04/2021 14:06:19,-1,"Miss: 0.148156046867371, 0.0790044915798293"
10/04/2021 14:06:19,-1,"Miss: 0.144341397285461, 0.0809524111656982"
10/04/2021 14:06:19,-1,"Miss: 0.140234375, 0.0827232796486091"
10/04/2021 14:06:19,-1,"Miss: 0.140234375, 0.0827232796486091"
10/04/2021 14:06:20,2,"open"
10/04/2021 14:06:20,1,"open"
10/04/2021 14:06:22,4,"open"
10/04/2021 14:06:36,5,"open"
10/04/2021 14:06:39,-1,"Miss: 0.88984375, 0.860175695461201"
10/04/2021 14:06:39,-1,"Miss: 0.889201259613037, 0.861379777006314"
10/04/2021 14:06:39,-1,"Miss: 0.8890625, 0.862575011581488"
10/04/2021 14:06:39,-1,"Miss: 0.8890625, 0.863772301513314"
10/04/2021 14:06:39,-1,"Miss: 0.889664840698242, 0.864568081991215"
10/04/2021 14:06:39,-1,"Miss: 0.88984375, 0.864568081991215"
10/04/2021 14:06:39,-1,"Miss: 0.88984375, 0.864568081991215"
10/04/2021 14:06:39,4,"close"
10/04/2021 14:06:39,5,"close"
10/04/2021 14:06:41,1,"close"
10/04/2021 14:06:41,2,"close"
10/04/2021 14:06:45,-1,"Miss: 0.5328125, 0.39311859443631"
10/04/2021 14:06:45,-1,"Miss: 0.5328125, 0.39311859443631"
10/04/2021 14:06:45,-1,"Miss: 0.5328125, 0.391402505676359"
10/04/2021 14:06:45,-1,"Miss: 0.532036542892456, 0.389468191657897"
10/04/2021 14:06:45,-1,"Miss: 0.531394147872925, 0.387070305350933"
10/04/2021 14:06:45,-1,"Miss: 0.530752849578857, 0.384666610427343"
10/04/2021 14:06:45,-1,"Miss: 0.530138540267944, 0.382982871193837"
10/04/2021 14:06:45,-1,"Miss: 0.529493570327759, 0.380678637659567"
10/04/2021 14:06:45,-1,"Miss: 0.529296875, 0.380673499267936"
10/04/2021 14:06:45,-1,"Miss: 0.529296875, 0.380673499267936"
10/04/2021 14:06:46,-1,"Miss: 0.57265625, 0.34407027818448"
10/04/2021 14:06:46,-1,"Miss: 0.573517608642578, 0.34407027818448"
10/04/2021 14:06:46,-1,"Miss: 0.575596284866333, 0.344686795816938"
10/04/2021 14:06:47,-1,"Miss: 0.57750449180603, 0.345878813312134"
10/04/2021 14:06:47,-1,"Miss: 0.579398584365845, 0.347062073200723"
10/04/2021 14:06:47,-1,"Miss: 0.579296875, 0.346998535871157"
10/04/2021 14:06:51,1,"damage=Medium"
10/04/2021 14:06:51,2,"damage=Medium"
10/04/2021 14:06:51,4,"damage=Medium"
10/04/2021 14:06:51,5,"damage=Medium"
10/04/2021 14:06:55,-1,"Miss: 0.874609375, 0.534407027818448"
10/04/2021 14:06:55,-1,"Miss: 0.874149799346924, 0.534407027818448"
10/04/2021 14:06:55,-1,"Miss: 0.873519039154053, 0.534407027818448"
10/04/2021 14:06:55,-1,"Miss: 0.872875881195068, 0.534407027818448"
10/04/2021 14:06:55,-1,"Miss: 0.871027946472168, 0.532901747160391"
10/04/2021 14:06:55,-1,"Miss: 0.869783020019531, 0.531714689330161"
10/04/2021 14:06:56,-1,"Miss: 0.868523597717285, 0.530534557158217"
10/04/2021 14:06:56,-1,"Miss: 0.86796875, 0.530746705710103"
10/04/2021 14:06:56,-1,"Miss: 0.86796875, 0.530746705710103"
10/04/2021 14:06:59,1,"cause=Slope"
10/04/2021 14:06:59,2,"cause=Slope"
10/04/2021 14:06:59,4,"cause=Slope"
10/04/2021 14:06:59,5,"cause=Slope"
10/04/2021 14:07:04,4,"open"
10/04/2021 14:07:05,1,"open"
10/04/2021 14:07:05,-1,"Miss: 0.108203125, 0.128843338213763"
10/04/2021 14:07:05,-1,"Miss: 0.107756912708282, 0.128843338213763"
10/04/2021 14:07:05,-1,"Miss: 0.107094991207123, 0.128843338213763"
10/04/2021 14:07:05,-1,"Miss: 0.105859375, 0.128843338213763"
10/04/2021 14:07:05,-1,"Miss: 0.105859375, 0.128843338213763"
10/04/2021 14:07:07,2,"open"
10/04/2021 14:07:08,-1,"Miss: 0.0078125, 0.12298682284041"
10/04/2021 14:07:08,-1,"Miss: 0.00751775652170181, 0.123718887262079"
10/04/2021 14:07:08,-1,"Miss: 0.00687113031744957, 0.123718887262079"
10/04/2021 14:07:08,-1,"Miss: 0.00622647404670715, 0.122942722035711"
10/04/2021 14:07:08,-1,"Miss: 0.00625, 0.12298682284041"
10/04/2021 14:07:09,3,"open"
10/04/2021 14:07:12,4,"close"
10/04/2021 14:07:16,1,"close"
10/04/2021 14:07:16,2,"close"
10/04/2021 14:07:16,3,"close"
10/04/2021 14:07:20,-1,"Miss: 0.569921875, 0.772327964860908"
10/04/2021 14:07:20,-1,"Miss: 0.569921875, 0.772327964860908"
10/04/2021 14:07:20,-1,"Miss: 0.573489141464233, 0.76985546017112"
10/04/2021 14:07:20,-1,"Miss: 0.579779052734375, 0.761648957237143"
10/04/2021 14:07:20,-1,"Miss: 0.585650157928467, 0.750904535653825"
10/04/2021 14:07:20,-1,"Miss: 0.582967376708984, 0.729348491260981"
10/04/2021 14:07:20,-1,"Miss: 0.576171875, 0.715959004392386"
10/04/2021 14:07:20,-1,"Miss: 0.576171875, 0.715959004392386"
10/04/2021 14:07:20,-1,"Miss: 0.008203125, 0.473645680819912"
10/04/2021 14:07:20,-1,"Miss: 0.008203125, 0.474637211678143"
10/04/2021 14:07:20,-1,"Miss: 0.00743289813399315, 0.47582123115506"
10/04/2021 14:07:20,-1,"Miss: 0.00592922866344452, 0.477018342360221"
10/04/2021 14:07:20,-1,"Miss: 0.00449508987367153, 0.477306002928258"
10/04/2021 14:07:20,-1,"Miss: 0.00357232466340065, 0.475322315668466"
10/04/2021 14:07:20,-1,"Miss: 0.003515625, 0.471449487554905"
10/04/2021 14:07:20,-1,"Miss: 0.003515625, 0.471449487554905"
10/04/2021 14:07:20,-1,"Miss: 0.074609375, 0.430453879941435"
10/04/2021 14:07:20,-1,"Miss: 0.074609375, 0.432006165712505"
10/04/2021 14:07:20,-1,"Miss: 0.074609375, 0.435604871802937"
10/04/2021 14:07:20,-1,"Miss: 0.074067485332489, 0.442403678838191"
10/04/2021 14:07:20,-1,"Miss: 0.073431932926178, 0.452499277944272"
10/04/2021 14:07:20,-1,"Miss: 0.0736885786056519, 0.463709863352741"
10/04/2021 14:07:20,-1,"Miss: 0.074326092004776, 0.474724162200883"
10/04/2021 14:07:20,-1,"Miss: 0.07421875, 0.472913616398243"
10/04/2021 14:07:34,1,"cause=Compaction"
10/04/2021 14:07:34,2,"cause=Compaction"
10/04/2021 14:07:34,3,"cause=Compaction"
10/04/2021 14:07:34,4,"cause=Compaction"
10/04/2021 14:07:34,5,"cause=Compaction"
10/04/2021 14:07:34,6,"cause=Compaction"
10/04/2021 14:07:38,-1,"Miss: 0.04375, 0.449487554904832"
10/04/2021 14:07:38,-1,"Miss: 0.043134468793869, 0.45064110148529"
10/04/2021 14:07:38,-1,"Miss: 0.042489618062973, 0.451849606515373"
10/04/2021 14:07:38,-1,"Miss: 0.0415043622255325, 0.453055922143805"
10/04/2021 14:07:38,-1,"Miss: 0.0422196924686432, 0.454261076048911"
10/04/2021 14:07:38,-1,"Miss: 0.0479737162590027, 0.455464710777361"
10/04/2021 14:07:38,-1,"Miss: 0.047265625, 0.455344070278185"
10/04/2021 14:07:39,-1,"Miss: 0.0625, 0.483162518301611"
10/04/2021 14:07:39,-1,"Miss: 0.062109375, 0.48389458272328"
10/04/2021 14:07:39,-1,"Miss: 0.0614644110202789, 0.485103311161695"
10/04/2021 14:07:39,-1,"Miss: 0.0608265101909637, 0.4862987691452"
10/04/2021 14:07:39,-1,"Miss: 0.0609375, 0.486090775988287"
10/04/2021 14:07:42,-1,"Miss: 0.90546875, 0.537335285505124"
10/04/2021 14:07:42,-1,"Miss: 0.904839897155762, 0.537335285505124"
10/04/2021 14:07:42,-1,"Miss: 0.904210376739502, 0.537335285505124"
10/04/2021 14:07:42,-1,"Miss: 0.904210376739502, 0.537335285505124"
10/04/2021 14:07:42,-1,"Miss: 0.90390625, 0.537335285505124"
10/04/2021 14:07:42,-1,"Miss: 0.90390625, 0.537335285505124"
10/04/2021 14:07:43,-1,"Miss: 0.987890625, 0.506588579795022"
10/04/2021 14:07:43,-1,"Miss: 0.987448692321777, 0.506588579795022"
10/04/2021 14:07:43,-1,"Miss: 0.986810493469238, 0.506588579795022"
10/04/2021 14:07:43,-1,"Miss: 0.986176872253418, 0.506588579795022"
10/04/2021 14:07:43,-1,"Miss: 0.98476095199585, 0.505120116830047"
10/04/2021 14:07:43,-1,"Miss: 0.983873558044434, 0.503922469444889"
10/04/2021 14:07:43,-1,"Miss: 0.983095550537109, 0.502726654008053"
10/04/2021 14:07:43,-1,"Miss: 0.9828125, 0.502928257686676"
10/04/2021 14:07:43,-1,"Miss: 0.9828125, 0.502928257686676"
10/04/2021 14:07:45,1,"damage=Medium"
10/04/2021 14:07:45,2,"damage=Medium"
10/04/2021 14:07:45,3,"damage=Medium"
10/04/2021 14:07:45,4,"damage=Medium"
10/04/2021 14:07:45,5,"damage=Medium"
10/04/2021 14:07:45,6,"damage=Medium"
10/04/2021 14:07:49,1,"open"
10/04/2021 14:07:49,2,"open"
10/04/2021 14:08:06,2,"close"
10/04/2021 14:08:08,1,"close"
10/04/2021 14:08:10,1,"open"
10/04/2021 14:08:12,-1,"Miss: 0.0828125, 0.134699853587116"
10/04/2021 14:08:12,-1,"Miss: 0.0828125, 0.134699853587116"
10/04/2021 14:08:12,-1,"Miss: 0.0828125, 0.134699853587116"
10/04/2021 14:08:12,-1,"Miss: 0.0828125, 0.133125495072863"
10/04/2021 14:08:12,-1,"Miss: 0.0825001001358032, 0.131332732573435"
10/04/2021 14:08:12,-1,"Miss: 0.0818656921386719, 0.128954863653001"
10/04/2021 14:08:12,-1,"Miss: 0.0812451183795929, 0.12662884780638"
10/04/2021 14:08:12,-1,"Miss: 0.0799622356891632, 0.124965840866067"
10/04/2021 14:08:12,-1,"Miss: 0.0796875, 0.124450951683748"
10/04/2021 14:08:12,-1,"Miss: 0.0796875, 0.124450951683748"
10/04/2021 14:08:14,4,"open"
10/04/2021 14:08:19,5,"open"
10/04/2021 14:08:21,6,"open"
10/04/2021 14:08:32,2,"open"
10/04/2021 14:08:33,3,"open"
10/04/2021 14:08:59,-1,"Miss: 0.051171875, 0.904831625183016"
10/04/2021 14:08:59,-1,"Miss: 0.051171875, 0.904831625183016"
10/04/2021 14:09:03,3,"close"
10/04/2021 14:09:04,2,"close"
10/04/2021 14:09:05,1,"close"
10/04/2021 14:09:07,4,"close"
10/04/2021 14:09:07,5,"close"
10/04/2021 14:09:07,6,"close"
10/04/2021 14:09:17,1,"cause=Dome"
10/04/2021 14:09:17,2,"cause=Dome"
10/04/2021 14:09:17,3,"cause=Dome"
10/04/2021 14:09:19,-1,"Miss: 0.985546875, 0.517569546120059"
10/04/2021 14:09:19,-1,"Miss: 0.98544282913208, 0.517569546120059"
10/04/2021 14:09:19,-1,"Miss: 0.98515625, 0.516450538467698"
10/04/2021 14:09:19,-1,"Miss: 0.98515625, 0.515259816740826"
10/04/2021 14:09:19,-1,"Miss: 0.98515625, 0.515373352855051"
10/04/2021 14:09:23,4,"cause=Dome"
10/04/2021 14:09:23,5,"cause=Dome"
10/04/2021 14:09:23,6,"cause=Dome"
10/04/2021 14:09:24,-1,"Miss: 0.04765625, 0.44289897510981"
10/04/2021 14:09:24,-1,"Miss: 0.04765625, 0.443794931883693"
10/04/2021 14:09:24,-1,"Miss: 0.04765625, 0.444997583615483"
10/04/2021 14:09:24,-1,"Miss: 0.0482457548379898, 0.446945391497186"
10/04/2021 14:09:24,-1,"Miss: 0.0488842070102692, 0.450534937846015"
10/04/2021 14:09:24,-1,"Miss: 0.0495259165763855, 0.454142758996385"
10/04/2021 14:09:24,-1,"Miss: 0.049609375, 0.457596830532806"
10/04/2021 14:09:24,-1,"Miss: 0.049609375, 0.461221988169725"
10/04/2021 14:09:24,-1,"Miss: 0.04921875, 0.463396778916545"
10/04/2021 14:09:24,-1,"Miss: 0.04921875, 0.463396778916545"
10/04/2021 14:09:30,1,"damage=Low"
10/04/2021 14:09:30,2,"damage=Low"
10/04/2021 14:09:30,3,"damage=Low"
10/04/2021 14:09:30,4,"damage=Low"
10/04/2021 14:09:30,5,"damage=Low"
10/04/2021 14:09:30,6,"damage=Low"
10/04/2021 14:09:32,-1,"Miss: 0.051953125, 0.309663250366032"
10/04/2021 14:09:32,-1,"Miss: 0.051953125, 0.309663250366032"
10/04/2021 14:09:32,-1,"Miss: 0.051953125, 0.311053565096541"
10/04/2021 14:09:32,-1,"Miss: 0.051953125, 0.312254921060006"
10/04/2021 14:09:32,-1,"Miss: 0.051953125, 0.313437466041934"
10/04/2021 14:09:32,-1,"Miss: 0.051953125, 0.314654326543626"
10/04/2021 14:09:32,-1,"Miss: 0.051953125, 0.31515373352855"
10/04/2021 14:09:32,-1,"Miss: 0.051953125, 0.31515373352855"
10/04/2021 14:09:32,-1,"Miss: 0.051953125, 0.31515373352855"
10/04/2021 14:09:32,-1,"Miss: 0.053151661157608, 0.314396692055385"
10/04/2021 14:09:32,-1,"Miss: 0.0548638761043549, 0.31321338748513"
10/04/2021 14:09:32,-1,"Miss: 0.0668214559555054, 0.308004577547355"
10/04/2021 14:09:32,-1,"Miss: 0.0821133852005005, 0.301417919063987"
10/04/2021 14:09:32,-1,"Miss: 0.0974131524562836, 0.295452425106378"
10/04/2021 14:09:32,-1,"Miss: 0.113060712814331, 0.29049074946525"
10/04/2021 14:09:32,-1,"Miss: 0.127517366409302, 0.288524488055339"
10/04/2021 14:09:32,-1,"Miss: 0.13961193561554, 0.287296233728724"
10/04/2021 14:09:32,-1,"Miss: 0.150434863567352, 0.286103143873536"
10/04/2021 14:09:32,-1,"Miss: 0.159886014461517, 0.286828506045251"
10/04/2021 14:09:32,-1,"Miss: 0.167688798904419, 0.288023651257092"
10/04/2021 14:09:32,-1,"Miss: 0.174490594863892, 0.287701317715959"
10/04/2021 14:09:32,-1,"Miss: 0.180576610565186, 0.287701317715959"
10/04/2021 14:09:32,-1,"Miss: 0.18572872877121, 0.287701317715959"
10/04/2021 14:09:33,-1,"Miss: 0.190128707885742, 0.287701317715959"
10/04/2021 14:09:33,-1,"Miss: 0.193723845481873, 0.287701317715959"
10/04/2021 14:09:33,-1,"Miss: 0.19453125, 0.287701317715959"
10/04/2021 14:09:33,-1,"Miss: 0.19453125, 0.287701317715959"
10/04/2021 14:09:33,-1,"Miss: 0.830078125, 0.355783308931186"
10/04/2021 14:09:33,-1,"Miss: 0.830078125, 0.357115850267089"
10/04/2021 14:09:33,-1,"Miss: 0.830378818511963, 0.360402052782989"
10/04/2021 14:09:33,-1,"Miss: 0.831026363372803, 0.367177535988401"
10/04/2021 14:09:33,-1,"Miss: 0.831665229797363, 0.373629077112692"
10/04/2021 14:09:33,-1,"Miss: 0.83203125, 0.379787327778985"
10/04/2021 14:09:33,-1,"Miss: 0.83203125, 0.384378547724309"
10/04/2021 14:09:33,-1,"Miss: 0.831681442260742, 0.388496856912861"
10/04/2021 14:09:33,-1,"Miss: 0.831640625, 0.392821908171669"
10/04/2021 14:09:33,-1,"Miss: 0.831640625, 0.395514782839952"
10/04/2021 14:09:33,-1,"Miss: 0.8323317527771, 0.397905341353633"
10/04/2021 14:09:33,-1,"Miss: 0.835186290740967, 0.400315336392181"
10/04/2021 14:09:33,-1,"Miss: 0.841183567047119, 0.398946513543192"
10/04/2021 14:09:33,-1,"Miss: 0.854407119750977, 0.396538127044633"
10/04/2021 14:09:33,-1,"Miss: 0.869553756713867, 0.394152170742588"
10/04/2021 14:09:33,-1,"Miss: 0.88805685043335, 0.391043979985473"
10/04/2021 14:09:33,-1,"Miss: 0.912473678588867, 0.387531643556117"
10/04/2021 14:09:34,-1,"Miss: 0.987771034240723, 0.373128731812775"
10/04/2021 14:09:34,-1,"Miss: 0.988258361816406, 0.374774089494876"
10/04/2021 14:09:34,-1,"Miss: 0.988892364501953, 0.375962309048431"
10/04/2021 14:09:34,-1,"Miss: 0.989525508880615, 0.376281112737921"
10/04/2021 14:09:34,-1,"Miss: 0.990477752685547, 0.37701317715959"
10/04/2021 14:09:34,-1,"Miss: 0.991743183135986, 0.378060917554104"
10/04/2021 14:09:34,-1,"Miss: 0.993026828765869, 0.379263792694226"
10/04/2021 14:09:34,-1,"Miss: 0.993359375, 0.379941434846266"
10/04/2021 14:09:34,-1,"Miss: 0.993359375, 0.379941434846266"
10/04/2021 14:09:35,-1,"Miss: 0.993359375, 0.330893118594436"
10/04/2021 14:09:35,-1,"Miss: 0.993359375, 0.331932548199007"
10/04/2021 14:09:35,-1,"Miss: 0.993359375, 0.333388857750732"
10/04/2021 14:09:35,-1,"Miss: 0.993359375, 0.334593877610839"
10/04/2021 14:09:35,-1,"Miss: 0.99296875, 0.335793982487646"
10/04/2021 14:09:35,-1,"Miss: 0.99296875, 0.337005704597708"
10/04/2021 14:09:35,-1,"Miss: 0.992224884033203, 0.338875811061608"
10/04/2021 14:09:35,-1,"Miss: 0.991379451751709, 0.340460088905792"
10/04/2021 14:09:35,-1,"Miss: 0.989187335968018, 0.343711841856927"
10/04/2021 14:09:35,-1,"Miss: 0.978338146209717, 0.347276813289257"
10/04/2021 14:09:35,-1,"Miss: 0.954771232604981, 0.35079348384025"
10/04/2021 14:09:35,-1,"Miss: 0.922035884857178, 0.34231781854811"
10/04/2021 14:09:35,-1,"Miss: 0.923046875, 0.342606149341142"
10/04/2021 14:10:08,-1,"Miss: 0.906640625, 0.997071742313324"
10/04/2021 14:10:08,-1,"Miss: 0.90625, 0.997939370910734"
10/04/2021 14:10:08,-1,"Miss: 0.90625, 0.997803806734993"
10/04/2021 14:10:08,-1,"canceled"
10/04/2021 14:10:26,6,"open"
10/04/2021 14:10:28,5,"open"
10/04/2021 14:10:28,4,"open"
10/04/2021 14:10:30,1,"open"
10/04/2021 14:10:33,1,"close"
10/04/2021 14:10:39,-1,"Miss: 0.956640625, 0.894582723279649"
10/04/2021 14:10:39,-1,"Miss: 0.956640625, 0.895722641951867"
10/04/2021 14:10:39,-1,"Miss: 0.957278728485107, 0.896778916544656"
10/04/2021 14:10:39,-1,"Miss: 0.957917404174805, 0.896778916544656"
10/04/2021 14:10:39,-1,"Miss: 0.960058689117432, 0.896778916544656"
10/04/2021 14:10:39,-1,"Miss: 0.9609375, 0.896046852122987"
10/04/2021 14:10:39,-1,"Miss: 0.9609375, 0.896046852122987"
10/04/2021 14:10:40,6,"close"
10/04/2021 14:10:41,5,"close"
10/04/2021 14:10:43,4,"close"
10/04/2021 14:10:47,-1,"Miss: 0.9359375, 0.0695461200585652"
10/04/2021 14:10:47,-1,"Miss: 0.9359375, 0.0708900328785574"
10/04/2021 14:10:47,-1,"Miss: 0.936512660980225, 0.0720881047395452"
10/04/2021 14:10:48,-1,"Miss: 0.937600231170654, 0.0741263929956305"
10/04/2021 14:10:48,-1,"Miss: 0.938883399963379, 0.0757990958575449"
10/04/2021 14:10:48,-1,"Miss: 0.940165424346924, 0.0771681867965319"
10/04/2021 14:10:48,-1,"Miss: 0.942179584503174, 0.0790554957019811"
10/04/2021 14:10:48,-1,"Miss: 0.9421875, 0.0790629575402635"
10/04/2021 14:10:48,-1,"Miss: 0.9421875, 0.0790629575402635"
10/04/2021 14:10:49,6,"open"
10/04/2021 14:10:49,5,"open"
10/04/2021 14:10:50,4,"open"
10/04/2021 14:10:59,3,"open"
10/04/2021 14:10:59,2,"open"
10/04/2021 14:10:59,1,"open"
10/04/2021 14:11:03,3,"close"
10/04/2021 14:11:06,2,"close"
10/04/2021 14:11:08,1,"close"
10/04/2021 14:11:14,6,"close"
10/04/2021 14:11:15,5,"close"
10/04/2021 14:11:15,4,"close"
10/04/2021 14:12:02,1,"cause=Dome"
10/04/2021 14:12:02,2,"cause=Dome"
10/04/2021 14:12:02,3,"cause=Dome"
10/04/2021 14:12:02,4,"cause=Dome"
10/04/2021 14:12:02,5,"cause=Dome"
10/04/2021 14:12:02,6,"cause=Dome"
10/04/2021 14:12:08,1,"damage=Medium"
10/04/2021 14:12:08,2,"damage=Medium"
10/04/2021 14:12:08,3,"damage=Medium"
10/04/2021 14:12:08,4,"damage=Medium"
10/04/2021 14:12:08,5,"damage=Medium"
10/04/2021 14:12:08,6,"damage=Medium"
10/04/2021 14:12:27,5,"open"
10/04/2021 14:12:29,4,"open"
10/04/2021 14:12:52,4,"close"
10/04/2021 14:12:53,5,"close"
10/04/2021 14:12:58,4,"damage=Medium"
10/04/2021 14:12:58,5,"damage=Medium"
10/04/2021 14:13:02,4,"cause=Slope"
10/04/2021 14:13:02,5,"cause=Slope"
10/04/2021 14:13:32,-1,"Miss: 0.9359375, 0.166178623718887"
10/04/2021 14:13:32,-1,"Miss: 0.935311985015869, 0.166618827495882"
10/04/2021 14:13:32,-1,"Miss: 0.934674644470215, 0.167813280141895"
10/04/2021 14:13:32,-1,"Miss: 0.933362865447998, 0.169007062562912"
10/04/2021 14:13:32,-1,"Miss: 0.932012748718262, 0.169838945827233"
10/04/2021 14:13:32,-1,"Miss: 0.93074369430542, 0.169838945827233"
10/04/2021 14:13:32,-1,"Miss: 0.929901123046875, 0.169838945827233"
10/04/2021 14:13:32,-1,"Miss: 0.929157161712646, 0.170832889495447"
10/04/2021 14:13:32,-1,"Miss: 0.928589820861816, 0.170571010248902"
10/04/2021 14:13:32,-1,"Miss: 0.928515625, 0.170571010248902"
10/04/2021 14:13:32,-1,"Miss: 0.928125, 0.170571010248902"
10/04/2021 14:13:32,-1,"Miss: 0.928125, 0.170571010248902"
10/04/2021 14:13:32,-1,"Miss: 0.928125, 0.170571010248902"
10/04/2021 14:13:32,-1,"Miss: 0.928125, 0.170571010248902"
10/04/2021 14:13:33,5,"open"
10/04/2021 14:13:33,4,"open"
10/04/2021 14:13:58,5,"close"
10/04/2021 14:13:58,4,"close"
10/04/2021 14:14:00,-1,"Miss: 0.844140625, 0.483162518301611"
10/04/2021 14:14:00,-1,"Miss: 0.844140625, 0.484942903979456"
10/04/2021 14:14:00,-1,"Miss: 0.844140625, 0.486142651402933"
10/04/2021 14:14:00,-1,"Miss: 0.844140625, 0.487188872620791"
10/04/2021 14:14:00,-1,"Miss: 0.84453125, 0.486822840409956"
10/04/2021 14:14:00,-1,"Miss: 0.844921875, 0.486822840409956"
10/04/2021 14:14:00,-1,"Miss: 0.844921875, 0.486822840409956"
10/04/2021 14:14:03,4,"damage=Medium"
10/04/2021 14:14:03,5,"damage=Medium"
10/04/2021 14:14:05,-1,"Miss: 0.51328125, 0.671303074670571"
10/04/2021 14:14:05,-1,"Miss: 0.512912273406982, 0.671303074670571"
10/04/2021 14:14:05,-1,"Miss: 0.512270069122314, 0.670872164680179"
10/04/2021 14:14:05,-1,"Miss: 0.511633539199829, 0.669679253551656"
10/04/2021 14:14:05,-1,"Miss: 0.510253143310547, 0.668465610129941"
10/04/2021 14:14:05,-1,"Miss: 0.508970832824707, 0.667642752562225"
10/04/2021 14:14:05,-1,"Miss: 0.507740259170532, 0.667642752562225"
10/04/2021 14:14:05,-1,"Miss: 0.506749057769775, 0.667642752562225"
10/04/2021 14:14:05,-1,"Miss: 0.505583906173706, 0.667642752562225"
10/04/2021 14:14:05,-1,"Miss: 0.505859375, 0.666910688140556"
10/04/2021 14:14:06,-1,"Miss: 0.505859375, 0.666910688140556"
10/04/2021 14:14:08,4,"cause=WatterLogging"
10/04/2021 14:14:08,5,"cause=WatterLogging"
10/04/2021 14:15:20,3,"open"
10/04/2021 14:15:21,2,"open"
10/04/2021 14:15:21,1,"open"
10/04/2021 14:15:30,4,"open"
10/04/2021 14:15:32,5,"open"
10/04/2021 14:15:32,-1,"Miss: 0.075390625, 0.809663250366032"
10/04/2021 14:15:32,-1,"Miss: 0.075390625, 0.810710856715547"
10/04/2021 14:15:32,-1,"Miss: 0.075390625, 0.811900193310761"
10/04/2021 14:15:32,-1,"Miss: 0.0747332334518433, 0.815555511072474"
10/04/2021 14:15:32,-1,"Miss: 0.073582136631012, 0.820102138714769"
10/04/2021 14:15:32,-1,"Miss: 0.0715421676635742, 0.822768204383236"
10/04/2021 14:15:32,-1,"Miss: 0.0694033920764923, 0.825582345094025"
10/04/2021 14:15:32,-1,"Miss: 0.0668667614459992, 0.829147763343018"
10/04/2021 14:15:32,-1,"Miss: 0.0643303215503693, 0.832712913502013"
10/04/2021 14:15:32,-1,"Miss: 0.0617920219898224, 0.836280655197657"
10/04/2021 14:15:32,-1,"Miss: 0.0592334628105164, 0.841407250869327"
10/04/2021 14:15:33,-1,"Miss: 0.058203125, 0.843338213762811"
10/04/2021 14:15:33,-1,"Miss: 0.058203125, 0.843338213762811"
10/04/2021 14:15:34,-1,"Miss: 0.06953125, 0.800878477306003"
10/04/2021 14:15:34,-1,"Miss: 0.069140625, 0.800878477306003"
10/04/2021 14:15:34,-1,"Miss: 0.069140625, 0.800878477306003"
10/04/2021 14:15:34,3,"close"
10/04/2021 14:15:35,-1,"Miss: 0.987109375, 0.114202049780381"
10/04/2021 14:15:35,-1,"Miss: 0.98671875, 0.114202049780381"
10/04/2021 14:15:35,-1,"Miss: 0.985760593414307, 0.112406427654305"
10/04/2021 14:15:35,-1,"Miss: 0.9859375, 0.111200603524204"
10/04/2021 14:15:35,-1,"Miss: 0.9859375, 0.110541727672035"
10/04/2021 14:15:35,-1,"Miss: 0.9859375, 0.110541727672035"
10/04/2021 14:15:36,6,"open"
10/04/2021 14:15:37,2,"close"
10/04/2021 14:15:41,6,"close"
10/04/2021 14:15:42,5,"close"
10/04/2021 14:15:42,4,"close"
10/04/2021 14:15:43,-1,"Miss: 0.119921875, 0.903367496339678"
10/04/2021 14:15:43,-1,"Miss: 0.119250082969666, 0.903367496339678"
10/04/2021 14:15:43,-1,"Miss: 0.118610990047455, 0.903367496339678"
10/04/2021 14:15:43,-1,"Miss: 0.117587196826935, 0.901911857012948"
10/04/2021 14:15:43,-1,"Miss: 0.117578125, 0.90190336749634"
10/04/2021 14:15:43,-1,"Miss: 0.117578125, 0.90190336749634"
10/04/2021 14:15:44,1,"close"
10/04/2021 14:15:45,-1,"Miss: 0.008984375, 0.53294289897511"
10/04/2021 14:15:45,-1,"Miss: 0.008984375, 0.53294289897511"
10/04/2021 14:15:45,-1,"Miss: 0.00859375, 0.532210834553441"
10/04/2021 14:15:45,-1,"Miss: 0.00783545225858688, 0.530789734154809"
10/04/2021 14:15:45,-1,"Miss: 0.00696874335408211, 0.529165421537564"
10/04/2021 14:15:45,-1,"Miss: 0.00616658926010132, 0.527662106872827"
10/04/2021 14:15:45,-1,"Miss: 0.00625, 0.526354319180088"
10/04/2021 14:15:45,-1,"Miss: 0.00625, 0.526354319180088"
10/04/2021 14:15:46,-1,"Miss: 0.85859375, 0.451683748169839"
10/04/2021 14:15:47,-1,"Miss: 0.85859375, 0.452918526019743"
10/04/2021 14:15:47,-1,"Miss: 0.85859375, 0.453513909224012"
10/04/2021 14:15:47,-1,"Miss: 0.85859375, 0.453879941434846"
10/04/2021 14:15:47,-1,"Miss: 0.85859375, 0.454612005856515"
10/04/2021 14:15:47,-1,"Miss: 0.85859375, 0.455217174345717"
10/04/2021 14:15:47,-1,"Miss: 0.85859375, 0.456410398245905"
10/04/2021 14:15:47,-1,"Miss: 0.85902099609375, 0.45760893926439"
10/04/2021 14:15:47,-1,"Miss: 0.858984375, 0.457540263543192"
10/04/2021 14:15:47,-1,"Miss: 0.86796875, 0.526354319180088"
10/04/2021 14:15:47,-1,"Miss: 0.867578125, 0.527086383601757"
10/04/2021 14:15:47,-1,"Miss: 0.867578125, 0.527818448023426"
10/04/2021 14:15:47,-1,"Miss: 0.867578125, 0.527818448023426"
10/04/2021 14:15:49,-1,"Miss: 0.55703125, 0.989751098096633"
10/04/2021 14:15:49,-1,"Miss: 0.561761379241943, 0.989751098096633"
10/04/2021 14:15:49,-1,"Miss: 0.571875, 0.989751098096633"
10/04/2021 14:15:49,-1,"Miss: 0.571875, 0.989751098096633"
10/04/2021 14:16:29,1,"cause=Slope"
10/04/2021 14:16:29,2,"cause=Slope"
10/04/2021 14:16:29,3,"cause=Slope"
10/04/2021 14:16:29,4,"cause=Slope"
10/04/2021 14:16:29,5,"cause=Slope"
10/04/2021 14:16:29,6,"cause=Slope"
10/04/2021 14:16:33,1,"damage=Medium"
10/04/2021 14:16:33,2,"damage=Medium"
10/04/2021 14:16:33,3,"damage=Medium"
10/04/2021 14:16:33,4,"damage=Medium"
10/04/2021 14:16:33,5,"damage=Medium"
10/04/2021 14:16:33,6,"damage=Medium"
10/04/2021 14:16:50,6,"open"
10/04/2021 14:16:51,5,"open"
10/04/2021 14:16:52,6,"close"
10/04/2021 14:17:08,5,"close"
10/04/2021 14:17:44,4,"open"
10/04/2021 14:17:46,4,"close"
10/04/2021 14:17:48,4,"open"
10/04/2021 14:17:49,-1,"Miss: 0.8765625, 0.13103953147877"
10/04/2021 14:17:49,-1,"Miss: 0.8765625, 0.129490730877677"
10/04/2021 14:17:49,-1,"Miss: 0.8765625, 0.125409082996374"
10/04/2021 14:17:49,-1,"Miss: 0.8765625, 0.119112609595191"
10/04/2021 14:17:49,-1,"Miss: 0.8765625, 0.118594436310395"
10/04/2021 14:17:49,-1,"Miss: 0.8765625, 0.118594436310395"
10/04/2021 14:17:52,4,"close"
10/04/2021 14:18:22,-1,"Miss: 0.067578125, 0.380673499267936"
10/04/2021 14:18:22,-1,"Miss: 0.0682162523269653, 0.378745530046097"
10/04/2021 14:18:22,-1,"Miss: 0.0688623189926147, 0.377534746251029"
10/04/2021 14:18:22,-1,"Miss: 0.069140625, 0.376343041527498"
10/04/2021 14:18:22,-1,"Miss: 0.0693589508533478, 0.375139898297378"
10/04/2021 14:18:22,-1,"Miss: 0.069972950220108, 0.373989211343567"
10/04/2021 14:18:22,-1,"Miss: 0.069921875, 0.374084919472914"
10/04/2021 14:18:37,4,"damage=Medium"
10/04/2021 14:18:37,5,"damage=Medium"
10/04/2021 14:18:37,6,"damage=Medium"
10/04/2021 14:18:41,4,"cause=Compaction"
10/04/2021 14:18:41,5,"cause=Compaction"
10/04/2021 14:18:41,6,"cause=Compaction"
10/04/2021 14:20:00,5,"open"
10/04/2021 14:20:01,4,"open"
10/04/2021 14:20:06,2,"open"
10/04/2021 14:20:06,1,"open"
10/04/2021 14:20:11,5,"close"
10/04/2021 14:20:12,4,"close"
10/04/2021 14:20:13,1,"close"
10/04/2021 14:20:13,2,"close"
10/04/2021 14:20:16,2,"open"
10/04/2021 14:20:19,-1,"Miss: 0.068359375, 0.9099560761347"
10/04/2021 14:20:19,-1,"Miss: 0.068359375, 0.9099560761347"
10/04/2021 14:20:19,-1,"Miss: 0.0687182068824768, 0.912092664056781"
10/04/2021 14:20:19,-1,"Miss: 0.0698083221912384, 0.913718540532348"
10/04/2021 14:20:19,-1,"Miss: 0.0712546586990356, 0.916114103392661"
10/04/2021 14:20:19,-1,"Miss: 0.0732594192028046, 0.918518334496248"
10/04/2021 14:20:20,-1,"Miss: 0.0745360791683197, 0.919770225424369"
10/04/2021 14:20:20,-1,"Miss: 0.0758234858512879, 0.920937042459737"
10/04/2021 14:20:20,-1,"Miss: 0.07578125, 0.920937042459737"
10/04/2021 14:20:20,2,"close"
10/04/2021 14:20:23,-1,"Miss: 0.115625, 0.530746705710103"
10/04/2021 14:20:23,-1,"Miss: 0.115144562721252, 0.531647085968956"
10/04/2021 14:20:23,-1,"Miss: 0.114499831199646, 0.532855367590707"
10/04/2021 14:20:23,-1,"Miss: 0.112669658660889, 0.534057036325837"
10/04/2021 14:20:23,-1,"Miss: 0.110277736186981, 0.536123339986731"
10/04/2021 14:20:23,-1,"Miss: 0.11015625, 0.537335285505124"
10/04/2021 14:20:23,-1,"Miss: 0.11015625, 0.537335285505124"
10/04/2021 14:20:26,1,"cause=Slope"
10/04/2021 14:20:26,2,"cause=Slope"
10/04/2021 14:20:26,4,"cause=Slope"
10/04/2021 14:20:26,5,"cause=Slope"
10/04/2021 14:20:30,1,"damage=Medium"
10/04/2021 14:20:30,2,"damage=Medium"
10/04/2021 14:20:30,4,"damage=Medium"
10/04/2021 14:20:30,5,"damage=Medium"
10/04/2021 14:20:34,2,"open"
10/04/2021 14:20:35,1,"open"
10/04/2021 14:20:36,4,"open"
10/04/2021 14:20:36,5,"open"
10/04/2021 14:20:37,-1,"Miss: 0.967578125, 0.0483162518301611"
10/04/2021 14:20:37,-1,"Miss: 0.967094326019287, 0.0483162518301611"
10/04/2021 14:20:37,-1,"Miss: 0.966456985473633, 0.0483162518301611"
10/04/2021 14:20:37,-1,"Miss: 0.965821266174316, 0.0494125388551771"
10/04/2021 14:20:37,-1,"Miss: 0.965190410614014, 0.0505948380879392"
10/04/2021 14:20:37,-1,"Miss: 0.9642578125, 0.0517935354922561"
10/04/2021 14:20:37,-1,"Miss: 0.962985610961914, 0.052985687032451"
10/04/2021 14:20:37,-1,"Miss: 0.961313056945801, 0.0556557293692236"
10/04/2021 14:20:37,-1,"Miss: 0.96015625, 0.0571010248901903"
10/04/2021 14:20:37,-1,"Miss: 0.96015625, 0.0571010248901903"
10/04/2021 14:20:38,-1,"Miss: 0.983203125, 0.124450951683748"
10/04/2021 14:20:38,-1,"Miss: 0.983203125, 0.124450951683748"
10/04/2021 14:20:38,-1,"Miss: 0.9828125, 0.124450951683748"
10/04/2021 14:20:38,-1,"Miss: 0.98203296661377, 0.123718887262079"
10/04/2021 14:20:38,-1,"Miss: 0.981388568878174, 0.123718887262079"
10/04/2021 14:20:38,-1,"Miss: 0.980243015289307, 0.124662474692304"
10/04/2021 14:20:38,-1,"Miss: 0.979740047454834, 0.125816557452759"
10/04/2021 14:20:38,-1,"Miss: 0.979101753234863, 0.126647144948756"
10/04/2021 14:20:38,-1,"Miss: 0.9787109375, 0.126647144948756"
10/04/2021 14:20:38,-1,"Miss: 0.97890625, 0.124906592976471"
10/04/2021 14:20:38,-1,"Miss: 0.978515625, 0.124450951683748"
10/04/2021 14:20:38,-1,"Miss: 0.978515625, 0.124450951683748"
10/04/2021 14:20:39,6,"open"
10/04/2021 14:20:42,3,"open"
10/04/2021 14:20:48,-1,"Miss: 0.006640625, 0.890922401171303"
10/04/2021 14:20:48,-1,"Miss: 0.006640625, 0.891484943350796"
10/04/2021 14:20:48,-1,"Miss: 0.00745986178517342, 0.892457752590822"
10/04/2021 14:20:48,-1,"Miss: 0.00878122970461845, 0.893660314959279"
10/04/2021 14:20:48,-1,"Miss: 0.010060828179121, 0.894859302794427"
10/04/2021 14:20:48,-1,"Miss: 0.0109658733010292, 0.896073482396138"
10/04/2021 14:20:48,-1,"Miss: 0.0109375, 0.898243045387994"
10/04/2021 14:20:48,-1,"Miss: 0.0109375, 0.898243045387994"
10/04/2021 14:20:48,3,"close"
10/04/2021 14:20:48,-1,"Miss: 0.10703125, 0.995607613469985"
10/04/2021 14:20:48,-1,"Miss: 0.107421875, 0.995607613469985"
10/04/2021 14:20:48,-1,"Miss: 0.107421875, 0.995607613469985"
10/04/2021 14:21:10,2,"close"
10/04/2021 14:21:11,1,"close"
10/04/2021 14:21:12,4,"close"
10/04/2021 14:21:12,5,"close"
10/04/2021 14:21:12,6,"close"
10/04/2021 14:21:16,-1,"Miss: 0.8328125, 0.538067349926794"
10/04/2021 14:21:16,-1,"Miss: 0.8328125, 0.539103204998055"
10/04/2021 14:21:16,-1,"Miss: 0.834801483154297, 0.540529979968315"
10/04/2021 14:21:16,-1,"Miss: 0.843075180053711, 0.541743042528368"
10/04/2021 14:21:16,-1,"Miss: 0.8484375, 0.542459736456808"
10/04/2021 14:21:16,-1,"Miss: 0.8484375, 0.542459736456808"
10/04/2021 14:21:17,-1,"Miss: 0.98671875, 0.512445095168375"
10/04/2021 14:21:17,-1,"Miss: 0.986092758178711, 0.512445095168375"
10/04/2021 14:21:17,-1,"Miss: 0.9859375, 0.511547887307833"
10/04/2021 14:21:17,-1,"Miss: 0.985546875, 0.510353144230989"
10/04/2021 14:21:17,-1,"Miss: 0.985546875, 0.509162958684114"
10/04/2021 14:21:17,-1,"Miss: 0.98515625, 0.50805270863836"
10/04/2021 14:21:17,-1,"Miss: 0.98515625, 0.50805270863836"
10/04/2021 14:21:25,1,"damage=Medium"
10/04/2021 14:21:25,2,"damage=Medium"
10/04/2021 14:21:25,3,"damage=Medium"
10/04/2021 14:21:25,4,"damage=Medium"
10/04/2021 14:21:25,5,"damage=Medium"
10/04/2021 14:21:25,6,"damage=Medium"
10/04/2021 14:21:27,-1,"Miss: 0.882421875, 0.546120058565154"
10/04/2021 14:21:27,-1,"Miss: 0.882421875, 0.546120058565154"
10/04/2021 14:21:27,-1,"Miss: 0.8828125, 0.546120058565154"
10/04/2021 14:21:27,-1,"Miss: 0.8828125, 0.546120058565154"
10/04/2021 14:21:27,-1,"Miss: 0.866796875, 0.453147877013177"
10/04/2021 14:21:27,-1,"Miss: 0.86640625, 0.453147877013177"
10/04/2021 14:21:27,-1,"Miss: 0.86640625, 0.45176958165092"
10/04/2021 14:21:27,-1,"Miss: 0.86640625, 0.451683748169839"
10/04/2021 14:21:27,-1,"Miss: 0.86640625, 0.451683748169839"
10/04/2021 14:21:29,-1,"Miss: 0.8609375, 0.536603221083455"
10/04/2021 14:21:29,-1,"Miss: 0.8609375, 0.536603221083455"
10/04/2021 14:21:29,-1,"Miss: 0.861328125, 0.535139092240117"
10/04/2021 14:21:29,-1,"Miss: 0.861328125, 0.535139092240117"
10/04/2021 14:21:34,-1,"Miss: 0.383984375, 0.670571010248902"
10/04/2021 14:21:34,-1,"Miss: 0.383984375, 0.670571010248902"
10/04/2021 14:21:34,-1,"Miss: 0.383083081245422, 0.671303074670571"
10/04/2021 14:21:34,-1,"Miss: 0.382441163063049, 0.671303074670571"
10/04/2021 14:21:34,-1,"Miss: 0.38203125, 0.670875292396825"
10/04/2021 14:21:34,-1,"Miss: 0.38203125, 0.669673176845031"
10/04/2021 14:21:34,-1,"Miss: 0.38203125, 0.667944621900165"
10/04/2021 14:21:34,-1,"Miss: 0.38203125, 0.665531633189971"
10/04/2021 14:21:34,-1,"Miss: 0.382833337783814, 0.66394337867748"
10/04/2021 14:21:34,-1,"Miss: 0.383203125, 0.662518301610542"
10/04/2021 14:21:34,-1,"Miss: 0.383203125, 0.662518301610542"
10/04/2021 14:21:35,1,"cause=Dome"
10/04/2021 14:21:35,2,"cause=Dome"
10/04/2021 14:21:35,3,"cause=Dome"
10/04/2021 14:21:35,4,"cause=Dome"
10/04/2021 14:21:35,5,"cause=Dome"
10/04/2021 14:21:35,6,"cause=Dome"
10/04/2021 14:23:00,-1,"canceled"
10/04/2021 14:23:02,-1,"canceled"
